Gender,Total
Female,335.09565868263473
Male,310.7892264529058
