Customer type,Total
Member,327.7913053892215
Normal,318.12285571142286
